actionName,timeStamp
createUser,07.05.2021.16.17.12
createUser,07.05.2021.16.17.12
showUser,07.05.2021.16.17.12
showUser,07.05.2021.16.17.12
deleteUser,07.05.2021.16.17.12
showUser,07.05.2021.16.17.12
updateUser,07.05.2021.16.17.12
updateUser,07.05.2021.16.17.12
showUser,07.05.2021.16.17.12
createDriver,07.05.2021.16.17.12
<init>,07.05.2021.16.17.12
showDriver,07.05.2021.16.17.12
createDriver,07.05.2021.16.17.12
<init>,07.05.2021.16.17.12
deleteDriver,07.05.2021.16.17.12
showDriver,07.05.2021.16.17.12
createRestaurant,07.05.2021.16.17.12
showAllRestaurants,07.05.2021.16.17.12
showMenu,07.05.2021.16.17.12
showMenu,07.05.2021.16.17.12
updateRestaurantMenu,07.05.2021.16.17.12
updateRestaurantMenu,07.05.2021.16.17.12
showAllRestaurants,07.05.2021.16.17.12
showMenu,07.05.2021.16.17.12
showMenu,07.05.2021.16.17.12
updateRestaurantMenu,07.05.2021.16.17.12
showAllRestaurants,07.05.2021.16.17.12
showMenu,07.05.2021.16.17.12
showMenu,07.05.2021.16.17.12
updateRestaurantMenu,07.05.2021.16.17.12
updateRestaurant,07.05.2021.16.17.12
showAllRestaurants,07.05.2021.16.17.12
showMenu,07.05.2021.16.17.12
showMenu,07.05.2021.16.17.12
newOrder,07.05.2021.16.17.12
findAvailableDriver,07.05.2021.16.17.12
orderedProducts,07.05.2021.16.17.12
displayActiveOrder,07.05.2021.16.17.12
markAsDeliveredByDriver,07.05.2021.16.17.12
moveOrder,07.05.2021.16.17.12
markAsDelivered,07.05.2021.16.17.12
showOrderHistory,07.05.2021.16.17.12